-1.0,-0.64531855,-0.58438065,-0.59374994,-0.67661657,-0.78263051,-0.88133568,-0.92156383,-0.9647744,-1.0010562,-1.0047256,-1.0015530000000001,-0.99157002,-0.99840479,-1.0253321,-1.042357,-1.0367968,-1.0339218000000001,-1.0433602,-1.0385043,-1.0166324,-1.0150649,-1.0226346,-1.0478766,-1.0732191999999998,-1.0760301,-1.0668939,-1.055302,-1.0550901000000001,-1.0738979,-1.1047352,-1.1093125,-1.0902232,-1.0679432,-1.0599476,-1.0558873,-1.0369146,-1.0043686,-0.96769497,-0.91791845,-0.8376979999999999,-0.77509589,-0.73766321,-0.68285718,-0.63181923,-0.58658945,-0.53556125,-0.49531624,-0.51223181,-0.53193475,-0.49290542,-0.41273275,-0.30950263,-0.26234516,-0.19359913,-0.059438662999999996,0.012502827,0.11948239,0.29338307,0.43290522,0.4350447,0.37888193,0.45620222,0.54730167,0.62796874,0.70119498,0.65768087,0.70689493,0.82242163,0.8366530000000001,0.83439249,0.91779979,1.0170549999999998,0.99659569,0.97938127,0.9705855999999999,0.88542094,0.83674844,0.79515949,0.69250869,0.72350532,0.81731026,0.86265017,0.8055944,0.71114955,0.66515846,0.61105875,0.5611404000000001,0.60618843,0.66458636,0.66253028,0.68404152,0.71681452,0.67726239,0.57972208,0.55525174,0.59204236,0.56342816,0.51813008,0.4796219,0.3861741,0.31733391,0.28339897,0.27588083,0.27150732,0.25754642,0.27938427,0.28026181,0.25106487,0.26365497,0.26790959,0.3242797,0.40672264,0.44645309,0.50553541,0.52754563,0.55527075,0.60549276,0.6354571,0.72916294,0.79021136,0.7925962,0.76939084,0.76048934,0.83043824,0.81746184,0.72036942,0.62344049,0.60191911,0.57182549,0.50219356,0.45334489,0.40486871,0.35545453,0.33845924,0.28785004,0.23596939,0.2305873,0.27891305,0.32678824,0.29942471,0.33699806,0.4080259,0.51609909,0.63043584,0.67456742,0.74642374,0.82280667,0.8887107,0.88757449,0.88411123,1.0113578,1.085368,1.0625163,1.0561426,1.05562,1.0756709,1.1023923999999998,1.0984825,1.0019863000000002,0.89232884,0.8386954,0.75981445,0.68737235,0.69110785,0.68433721,0.63300623,0.54629612,0.47768393,0.39752952,0.32666683,0.1911808,0.084649634,-0.034929793,-0.18969317,-0.28890682,-0.35951755,-0.38134691,-0.40491284,-0.39914281,-0.36129544,-0.35948042,-0.25793668,-0.15427691,-0.08798847300000001,-0.034951338,-0.062098657,-0.12462244,-0.14134575,-0.16491726,-0.18151674,-0.06275402299999999,0.0053182594,0.068151161,0.15867585,0.28676819,0.39522604,0.43942289,0.53621912,0.67486576,0.87338089,0.99499346,1.1541046999999998,1.2816508,1.3099388,1.4159586000000002,1.5847472,1.6612084999999999,1.736188,1.7239128000000001,1.7546881,1.7564572,1.5750073999999998,1.493848,1.4751956,1.434648,1.5110891000000002,1.5760604,1.5845038999999999,1.5954975,1.5852403,1.602918,1.4645278,1.1959152,0.99207048,0.83634985,0.72433406,0.65630867,0.79011022,0.94084799,1.0112241,1.1848086000000002,1.4053291,1.3980211,1.2577023999999999,1.0450696,0.74585849,0.48350441,0.23736783,-0.039288086,-0.29094985,-0.50341903,-0.65167983,-0.81246596,-0.94253771,-1.0473716999999998,-1.1039118,-1.1399553,-1.1498306,-1.1492288999999998,-1.1438711000000001,-1.1255873,-1.1462005,-1.2008875,-1.2725627,-1.3646049,-1.4839826,-1.5804996,-1.6620887,-1.7206898999999998,-1.7612710999999999,-1.7907746,-1.8074534,-1.8200956000000001,-1.8296359,-1.8366215,-1.8429292000000002,-1.8483056,-1.8530898,-1.8571045,-1.8602105,-1.8639968999999996,-1.8663233,-1.8686859,-1.8724158,-1.8752407,-1.8762023999999997,-1.8783953000000002,-1.8811832,-1.8840385,-1.8866062,-1.8882598999999998,-1.8899249,-1.8920681000000001,-1.8939811000000002,-1.8961512999999999,-1.8975369999999998
-1.0,-0.67298944,-0.65267131,-0.64481298,-0.661405,-0.73685083,-0.82065538,-0.87686634,-0.89894686,-0.90334933,-0.91281119,-0.92419419,-0.91513633,-0.91914448,-0.94678577,-0.97281196,-0.99865083,-1.0111763,-1.0040703000000002,-0.99857012,-1.0072831,-1.015192,-1.0183802,-1.044022,-1.0618625,-1.0563684,-1.0329171999999998,-1.0073371,-0.99511027,-1.0006540000000002,-1.0123734,-1.0190877,-1.0256415,-1.0216892,-1.0224733,-1.0228963,-1.0052721,-0.98336185,-0.95900388,-0.91727514,-0.87014762,-0.83120649,-0.77572215,-0.68986917,-0.61452327,-0.5414168,-0.47318972,-0.45138224,-0.42213076,-0.38295572,-0.38310279999999997,-0.37514064,-0.34593207,-0.27139016,-0.17846049,-0.083128976,0.014546242,0.11370303,0.26812205,0.41341383,0.44859661,0.42907212,0.47304140000000006,0.57588839,0.67708695,0.73940574,0.80352094,0.80515826,0.77434071,0.91376857,0.97870832,0.98291492,1.0528848999999998,0.96615403,0.90347515,0.85710604,0.79053296,0.72487627,0.70962052,0.71000339,0.70459282,0.74442443,0.76359606,0.72599253,0.63257849,0.59695492,0.580738,0.53252656,0.52329171,0.5247187,0.56319647,0.63553386,0.65941268,0.58228149,0.49802392,0.46009289,0.45252159999999997,0.47354011,0.42361464,0.35047804,0.30641516,0.24004898,0.19772981,0.21030100000000002,0.21310962,0.22811612,0.2283657,0.18810175,0.17064349,0.17283567,0.22129424,0.2774127,0.33810117,0.43046421,0.50707745,0.54843076,0.60114239,0.67323799,0.70778443,0.77459563,0.80309482,0.82156262,0.8659051,0.88828945,0.90690955,0.81390885,0.69890177,0.60524282,0.52239834,0.49040016,0.44831735,0.36893528,0.31804063,0.25846664,0.20120123,0.18440254,0.17991558,0.17401019,0.14438528,0.16321862,0.20831071,0.24233320000000003,0.32046971,0.41725778,0.54107559,0.69586569,0.8044201999999999,0.92517358,0.97591227,0.9389412,0.96828095,1.0713485,1.1958438999999998,1.2064796,1.1228867,1.1060119,1.0912553999999999,1.0597235,1.0224901,0.97125432,0.90630879,0.80271617,0.73807647,0.74889539,0.69579177,0.60970955,0.57115941,0.49414239,0.43839002,0.3796029,0.23654165,0.0819571,-0.040570794,-0.17009122,-0.27882949,-0.37565803,-0.45176511,-0.46953432,-0.46322782,-0.46358546,-0.4725048,-0.47711216,-0.39019972,-0.29732431,-0.25954047,-0.23447901,-0.21454698,-0.24698795,-0.27961535,-0.30239736,-0.27924171,-0.17668409,-0.10880565,-0.0099066644,0.10188969,0.19739319,0.37961502,0.48101412,0.58977729,0.76261431,1.0305540000000002,1.1488717,1.2800818999999999,1.536945,1.6866918000000002,1.896871,2.0177648,2.0058279999999997,2.0463148999999996,2.0363854999999997,2.135027,2.0971212,1.9216186999999998,1.7591438000000001,1.5477573999999998,1.4735353999999998,1.5630218,1.5914275,1.683029,1.8209296000000001,1.8101485000000002,1.5764729,1.3305255,1.0886993,0.82341317,0.61630453,0.53989662,0.53581199,0.62221059,0.87230964,1.024815,1.0379596,1.2305136,1.3265963,1.1631811,0.85269434,0.50823729,0.22674939,-0.009762698299999999,-0.25197518,-0.47667393,-0.68030659,-0.8209113000000001,-0.96352442,-1.0720562,-1.1551993999999999,-1.2115904,-1.2582445,-1.2876283000000002,-1.3027343,-1.3123635,-1.3214428,-1.3391493,-1.3723379999999998,-1.4182283000000002,-1.4679518,-1.5249236000000002,-1.5720214,-1.6102191000000001,-1.6376846,-1.6564704,-1.6703671000000002,-1.6799168999999998,-1.6871099999999999,-1.6932681,-1.6979591,-1.7013147000000002,-1.7056118000000002,-1.7093625,-1.7118674999999999,-1.7128689,-1.7148362000000001,-1.7173738,-1.7189749,-1.7212655,-1.7234174999999998,-1.7241081999999999,-1.7264321,-1.7288238,-1.7307452,-1.7325147,-1.7346096000000002,-1.7364171000000002,-1.7374624,-1.7387751,-1.7402493000000003,-1.7416957999999998
-1.0,-0.61848076,-0.5852446,-0.6319551999999999,-0.69559206,-0.80242563,-0.91243604,-0.97640584,-1.0090595,-1.0179608,-1.0346780999999998,-1.0460234,-1.0385103999999998,-1.0329832,-1.0296575000000001,-1.0216325000000002,-1.0313888,-1.0332896,-1.0074529,-0.99806227,-0.99565617,-1.00999,-1.0285224,-1.0462854,-1.060715,-1.0618594,-1.0633928999999998,-1.0602044,-1.0659913,-1.0815959,-1.0991998,-1.1116353,-1.0762527,-1.0574368,-1.0602817,-1.0296948000000001,-1.022733,-1.0095179,-0.97259016,-0.92600975,-0.87353388,-0.82168691,-0.77158314,-0.72172138,-0.67866957,-0.63495165,-0.6138923000000001,-0.60907267,-0.57787442,-0.55610663,-0.53006563,-0.47312337,-0.36245085,-0.24636664,-0.13881756,0.024172237000000003,0.16803151,0.26016431,0.34552675,0.40723329,0.50245564,0.55276354,0.56721831,0.70507795,0.81432505,0.82693474,0.82118236,0.84300777,0.96029218,1.0446726,1.1057373,1.2237548999999999,1.206256,1.1034718000000001,1.1352421,1.2376344,1.1127709,0.93097096,0.85976767,0.85037476,0.87495598,0.8803153,0.87147861,0.82114995,0.76683755,0.72191122,0.66909522,0.64387356,0.69801082,0.73529644,0.75861049,0.81649999,0.74758996,0.62948006,0.58315842,0.60762806,0.59060527,0.50599087,0.43819125,0.42549233,0.39567627,0.31357773,0.28976359,0.29290426,0.29275833,0.29319977,0.28633961,0.27255311,0.26394565,0.29698111,0.35374673,0.39059787,0.47044068,0.56804883,0.58965346,0.60387856,0.60426375,0.63227797,0.69287765,0.75989958,0.80843449,0.76468383,0.77922977,0.84005684,0.79796358,0.73662477,0.70871781,0.63665376,0.56846381,0.55695539,0.5054246,0.43702265,0.39226279,0.3930916,0.36079629999999996,0.27410154,0.23394189,0.22366004,0.24554615,0.25586897,0.27271901,0.32640227,0.3722625,0.46822934,0.6001585,0.7242386,0.84240225,0.91112629,0.93272328,0.90218156,0.9421235000000001,1.0148069,0.98917126,1.0256625,1.0268632,0.9857700999999999,1.041125,1.0945075,0.99521984,0.89421247,0.84104996,0.74457138,0.7142445,0.6734774,0.64114056,0.62304822,0.57572537,0.48502188,0.42858314,0.35718999,0.24623359,0.086190382,-0.034302356,-0.1548008,-0.29264675,-0.39446136,-0.45399011,-0.47654416,-0.47703866,-0.45229986,-0.45814763,-0.4639242,-0.39559151,-0.30593145,-0.22948922,-0.19748898,-0.20959561,-0.24785106,-0.26298256,-0.28413684,-0.27857854,-0.13635852,-0.071957542,-0.018938332,0.054493069000000005,0.23338578,0.37792143,0.40868405,0.53603604,0.6473223000000001,0.825939,0.97918937,1.165814,1.3500976999999998,1.4879276000000001,1.5303653,1.5074537000000001,1.6248774,1.7879253000000002,1.8939306,1.8404163,1.6606085,1.5137646,1.4134528,1.4065425,1.3581803999999997,1.4341321000000002,1.5045115,1.4393156999999999,1.4105919,1.4706058000000002,1.378234,1.2154315,1.1941361000000001,1.0669153,0.80762519,0.66385081,0.60623823,0.67181635,0.77249295,0.92910557,1.1578428,1.3380428999999998,1.2977409,1.1518998,0.89934359,0.60061284,0.44921531,0.24932509,-0.013148298000000001,-0.26387435,-0.45299666,-0.59423247,-0.77495965,-0.90441048,-1.0044794,-1.0646076,-1.0939008999999997,-1.1073536,-1.1071963,-1.1005293,-1.1054245,-1.1236058999999998,-1.1670907,-1.2446719,-1.3414287,-1.463149,-1.5587733999999998,-1.6404253,-1.6998401,-1.7392656000000002,-1.7670948,-1.7850814,-1.798762,-1.8086015,-1.8158313999999998,-1.8215127,-1.8276237000000002,-1.8320293999999997,-1.8355128,-1.8383013,-1.8405764,-1.8425275,-1.8448918,-1.8477627,-1.8504647,-1.85232,-1.8544654999999999,-1.8562345,-1.8583913,-1.8608136000000002,-1.8623078000000002,-1.8637316000000002,-1.8652528999999998,-1.8665835,-1.8681628000000001,-1.8698537
-1.0,-0.61427703,-0.59355475,-0.59201629,-0.65801173,-0.75773855,-0.83896355,-0.90983817,-0.96518466,-0.97911588,-0.98882543,-0.99106979,-0.96586834,-0.96893202,-0.97856629,-0.97717235,-0.98415136,-0.99829061,-1.0057719,-0.99197496,-0.97875839,-0.97956167,-0.98906331,-1.006294,-1.0291997,-1.0431755999999999,-1.0376779,-1.0265168,-1.0301903000000001,-1.0451982,-1.0585046,-1.0650583,-1.0674404,-1.0650936000000002,-1.0523615,-1.0324319,-1.0089176,-0.99135154,-0.95814326,-0.91207209,-0.87425639,-0.83015736,-0.78734433,-0.73938562,-0.67255637,-0.60106203,-0.5661646,-0.56142904,-0.5549295999999999,-0.53831216,-0.48686080000000004,-0.45134826,-0.39874308,-0.28628846,-0.18839183,-0.093321914,0.026097585,0.19723673,0.41127811,0.50579272,0.57349145,0.64216044,0.66971418,0.66895533,0.66059898,0.72629012,0.81343961,0.93100557,1.0094449,0.99333153,1.0202285,1.1479875,1.1717973999999998,1.1056165,1.0573937,1.0429054,0.97197214,0.89617793,0.84470862,0.77789744,0.79927355,0.94010148,0.94882597,0.83202952,0.7643612,0.67568502,0.61186437,0.56960518,0.59388003,0.65549258,0.67793207,0.71801175,0.78126016,0.69562691,0.57184583,0.50499078,0.4799049,0.46625263,0.40864047,0.38374445,0.30425125,0.23944429,0.24113525,0.22356877,0.202216,0.22417031,0.22330464,0.20585631,0.19547273,0.22068316,0.28514328,0.31677954,0.41537072,0.46747254,0.49502247,0.52788448,0.54185889,0.63274239,0.66654177,0.73228699,0.76918203,0.72332001,0.72516783,0.75743312,0.77487449,0.75528852,0.67781627,0.58113843,0.52029585,0.45739091,0.41741501,0.4111227,0.38499364,0.30310416,0.23974905,0.20124923,0.19666245,0.22123678,0.20246229,0.19339399,0.21082515,0.23303405,0.31519878,0.45165727,0.59358852,0.69430983,0.79531592,0.88758831,0.93139325,0.93754553,0.92506144,0.9892764999999999,1.0713846000000002,1.1430288999999998,1.0723125,1.0143347,1.0237046,1.0374653,1.0123654,0.95379167,0.89481665,0.74679113,0.64918983,0.62340334,0.55460363,0.5442885000000001,0.53478248,0.4459472,0.37415102,0.26993067,0.18191415,0.033864401,-0.089438899,-0.21751849,-0.32699998,-0.3867554,-0.44047332,-0.47471906,-0.48514696,-0.48303928,-0.47621219,-0.4671357,-0.39695496,-0.30139447,-0.25602661,-0.23755912,-0.19887191,-0.22132206,-0.26308922,-0.29552956,-0.30085824,-0.21419247,-0.11905612,-0.0098487519,0.098337202,0.19438264,0.32485807,0.4455446,0.59675229,0.72029616,0.90808629,1.0857253,1.2115633999999997,1.2962558000000002,1.4076332,1.5867636999999999,1.7423674,1.7918691000000002,1.9587413,1.9557707999999998,1.8574587,1.8647199,1.6629089,1.5192021,1.5175177,1.5392089,1.5446791000000002,1.5261913999999999,1.6711148,1.7261321,1.7282087,1.7268453999999998,1.5081253000000001,1.2317211000000001,1.0279673,0.83788412,0.68332415,0.65401336,0.74938523,0.90400074,1.0368680000000001,1.1382698,1.351924,1.3993719999999998,1.1914527,0.90754198,0.53584833,0.26417358,0.060131925,-0.17265084,-0.38907762,-0.59970411,-0.74217698,-0.89122919,-0.99996933,-1.0868652,-1.145203,-1.1769083,-1.1942483999999998,-1.2066427,-1.2103813,-1.2087516,-1.2211572,-1.2633435,-1.3309273000000001,-1.4021648000000002,-1.4874757,-1.5573888,-1.6160546,-1.6592836,-1.6890177,-1.7102435,-1.7242412,-1.7351433,-1.7416293,-1.7467816999999999,-1.7517610000000001,-1.7563144,-1.7607493000000003,-1.7642376,-1.7658462,-1.7682133000000002,-1.7702953999999997,-1.7721002000000001,-1.7748764,-1.7775568,-1.7789038000000001,-1.7804294999999999,-1.7824147000000001,-1.7840348999999998,-1.7853651000000001,-1.7865642,-1.7892147,-1.791107,-1.7918251,-1.7933111000000002,-1.7945471999999998
-1.0,-0.58432694,-0.56087781,-0.58063746,-0.65223592,-0.74986651,-0.83602688,-0.88269054,-0.91703879,-0.93241402,-0.93592519,-0.94930786,-0.95465127,-0.96022209,-0.97704852,-0.98262942,-0.97528157,-0.97096838,-0.96639116,-0.94998908,-0.94051141,-0.94617422,-0.95796216,-0.97125057,-0.98649126,-0.99948055,-0.99730848,-0.98511602,-0.98691164,-1.0071915999999999,-1.0327075000000001,-1.0434168,-1.0243197,-1.0085833,-1.0149424,-1.0050994,-0.98248512,-0.95951769,-0.9339424000000001,-0.89041163,-0.83217297,-0.79630518,-0.77479536,-0.73773384,-0.6877026999999999,-0.64264766,-0.62557367,-0.63250602,-0.62030227,-0.58314297,-0.52127341,-0.44906999999999997,-0.38630079,-0.31627495,-0.20835994,-0.04464269,0.11118171,0.26496141,0.42752520000000005,0.51103851,0.61583848,0.71215789,0.73084797,0.73922755,0.76483121,0.88159987,0.97518298,0.98404808,1.0080818999999999,1.1387871,1.2371849,1.2327625,1.2335305,1.2387583999999998,1.2441375,1.1983138999999998,1.1434738000000002,1.0013280999999998,0.86624265,0.86060898,0.86535689,0.91098362,0.92919383,0.81168996,0.75482684,0.67327359,0.54125478,0.55566844,0.60576501,0.56739277,0.58115495,0.5854114,0.54429432,0.49347168,0.41745372,0.37469965,0.37946159,0.31385205,0.2514625,0.22407663,0.16955598,0.13084069,0.10862113,0.10592129,0.13409286,0.17054028,0.14985658,0.14946594,0.17511964,0.15717468,0.17742091,0.2541631,0.30921885,0.34785009,0.3907117,0.4431701,0.4804923,0.49419103,0.53780585,0.58928194,0.59546198,0.58880481,0.61131906,0.61614095,0.59905705,0.58504623,0.55510635,0.47600995,0.41105067,0.39027164,0.3505928,0.29714536,0.2517996,0.24011202,0.22545294,0.20735805,0.19407818,0.17588383,0.2013162,0.22009505,0.25627463,0.31138498,0.34571752,0.42664417,0.59373058,0.76775421,0.84199775,0.95911236,1.0598112,1.0115944,0.95266904,1.0399129999999999,1.1633556,1.1840152,1.1302578,1.0887263,1.073948,1.0878261999999999,1.0850065,1.0084135,0.90570581,0.81373757,0.73924234,0.68191431,0.60854432,0.56384896,0.54673714,0.4969708,0.45667023,0.33679782,0.20385939,0.080655796,-0.03915484,-0.17684805,-0.27785939,-0.36523378,-0.43584229,-0.45366095,-0.44806099,-0.43728358,-0.44157542,-0.45063514,-0.39266799,-0.34068793,-0.31269559999999996,-0.29120546,-0.27394462,-0.27855875,-0.29070378,-0.28285593,-0.26984909,-0.18813385,-0.095580336,0.024142594,0.12286547,0.23162994,0.37374708,0.46112833,0.63245975,0.76679477,0.98045454,1.1400243,1.2914282,1.4440639,1.6044669,1.7989046999999998,1.9239186999999998,2.0212058,2.1171407,2.1771109,2.1602473,2.0435630000000002,1.8917938000000003,1.7998625,1.6395228,1.547064,1.6435009999999999,1.6573366000000003,1.5664007,1.5283266000000002,1.54522,1.5469653,1.4161947,1.1306523000000002,0.87804843,0.74718232,0.63523128,0.55595794,0.632788,0.71704125,0.80717558,0.9306249,1.0899524999999999,1.1438971000000002,0.96168392,0.6850928000000001,0.37158796,0.11156168,-0.08628753800000001,-0.26510865,-0.42072287,-0.61055523,-0.75940809,-0.89967865,-1.0133741,-1.1120411000000001,-1.1736058,-1.2147259,-1.2374823999999998,-1.2455389,-1.2506003,-1.256445,-1.2729734,-1.3081615,-1.3620623,-1.4249703,-1.4969208,-1.5541363000000001,-1.6014162,-1.6354393999999999,-1.6583471999999997,-1.6741769,-1.6846503000000002,-1.6930115000000001,-1.6997031000000002,-1.7048615000000003,-1.7085226000000002,-1.7126720000000002,-1.7164736,-1.7195552,-1.721877,-1.7239988000000002,-1.7256883,-1.7274241999999997,-1.7300131999999997,-1.7324891,-1.7337904999999998,-1.7352576000000002,-1.7369318,-1.7390033999999999,-1.7411593999999997,-1.7427409,-1.7439238999999997,-1.7449516999999999,-1.7461427,-1.7473526999999998,-1.7482243000000002
1.0,-0.51973881,-0.47788275,-0.49268718,-0.54664986,-0.61995953,-0.73531553,-0.81836559,-0.85881368,-0.88165407,-0.89001838,-0.89391573,-0.89494972,-0.89164349,-0.90922861,-0.94661508,-0.98214795,-0.9938689,-0.99364411,-1.0050187,-1.003651,-0.99423152,-1.0042822,-1.0415388,-1.0812552,-1.115982,-1.1274382,-1.1028129999999998,-1.0907761999999999,-1.1069408,-1.1222267,-1.1243753,-1.1084805,-1.0907268,-1.0942234,-1.0873448000000001,-1.0584987,-1.0363628,-1.0007960999999999,-0.94565155,-0.87037529,-0.79564702,-0.75156268,-0.67700044,-0.57082656,-0.50742604,-0.49965177,-0.50553744,-0.52093095,-0.51330287,-0.48280419,-0.46599017,-0.40878265,-0.35982262,-0.25926854,-0.09221672800000001,0.021707894,0.13926518,0.27099625,0.37103793,0.43932345,0.51143573,0.4973077,0.53717794,0.67942635,0.69553746,0.70636176,0.75304967,0.76900754,0.77902275,0.74233692,0.77425421,0.87155126,0.90794159,0.86691816,0.84939849,0.78284187,0.68590194,0.64188843,0.5908413,0.67153742,0.71613714,0.73096295,0.77857031,0.68948014,0.60276458,0.58113507,0.5486901,0.55434323,0.61519321,0.65226734,0.71429119,0.74779894,0.73509846,0.69131559,0.65119954,0.6199178000000001,0.58159361,0.53135974,0.51281264,0.45829289,0.33909795,0.25811876,0.23904469,0.23289612,0.21140720000000002,0.21093207,0.23968991,0.22952444,0.19716928,0.25186127,0.35954440000000004,0.45416419,0.51323057,0.53187728,0.57084777,0.67457849,0.71890279,0.74771271,0.81630197,0.85398357,0.8747758,0.90391477,0.93897406,0.93787437,0.92325209,0.83632296,0.71961812,0.63804793,0.54067814,0.48009188,0.44339196,0.38483918,0.38658982,0.36982752,0.32880265,0.26634189,0.24378493,0.25316699,0.20048842,0.22229971,0.27137858,0.30116731,0.38090886,0.50004408,0.64967775,0.77935038,0.84620166,0.89628992,0.86333792,0.84499208,0.9362286,1.0026449,1.0132887,0.99487837,1.0135896999999998,1.0713794,1.0115745999999999,0.91933826,0.85909002,0.78314704,0.72743814,0.66075694,0.57668436,0.59559838,0.6127570999999999,0.5811334,0.5745189,0.53587603,0.43792863,0.31499077,0.18485279999999998,0.06060469,-0.078674311,-0.19493662,-0.27315041,-0.333708,-0.3563168,-0.35878862,-0.33733159,-0.32537857,-0.34080731,-0.25005859,-0.12421535,-0.074725245,-0.066004646,-0.032841119,-0.066248185,-0.096981692,-0.11230103,-0.12321133,-0.054362050999999995,0.031796685,0.17114042,0.32918104,0.32767609,0.32490196,0.43297602,0.57440352,0.66455551,0.83296405,0.97571364,1.0929554,1.167281,1.238797,1.3994328999999999,1.5113232,1.5244182,1.4795706,1.4394364,1.3959607,1.4187667,1.4448561000000002,1.3509802,1.2828178,1.3768843000000002,1.3896981000000002,1.4144624,1.6770375,1.6201117,1.6659887,1.8320826000000001,1.8242258000000002,1.6815023,1.3661187,1.1070131,0.96164473,0.95672927,1.0007815,1.1559375,1.2854116000000002,1.3380279,1.5427143,1.6258492,1.5911673000000002,1.3142132,0.7372380000000001,0.31432859999999996,0.081547888,-0.17396129999999999,-0.40910478,-0.62814181,-0.79167586,-0.95590207,-1.0842884,-1.1846736,-1.2368222,-1.2646268999999999,-1.2763662,-1.2767657,-1.2680517,-1.260516,-1.2717905,-1.3066718000000002,-1.3692746,-1.4441218,-1.5372358999999998,-1.6144372999999999,-1.6794039,-1.7252304,-1.7553457,-1.7767254000000001,-1.7903401,-1.8005396,-1.8080296999999999,-1.8146375,-1.8206318,-1.8255808,-1.8285963,-1.8320983,-1.8357081999999998,-1.8373825000000001,-1.8388871,-1.8415656999999999,-1.8444544999999999,-1.847031,-1.8487664000000001,-1.8509509999999998,-1.85381,-1.8565163,-1.8586369999999999,-1.8608196,-1.8630136000000002,-1.8646391,-1.8663786,-1.8678753000000001,-1.8686068
1.0,-0.40727383,-0.38262992,-0.44092884,-0.52708256,-0.59484591,-0.69076724,-0.77191679,-0.79735013,-0.82758478,-0.84397153,-0.85457335,-0.85666829,-0.85052255,-0.86269171,-0.87542081,-0.89727555,-0.90475778,-0.89757468,-0.89358691,-0.89440764,-0.90743107,-0.93228936,-0.96256848,-0.98720834,-1.0069849,-1.0218726,-1.0132979,-0.9913818999999999,-1.0049536000000001,-1.030145,-1.0222198,-0.99766014,-0.9891909999999999,-0.98768682,-0.98473013,-0.97138077,-0.94951495,-0.92007603,-0.86499566,-0.81567941,-0.76115912,-0.68959274,-0.62700903,-0.54791999,-0.49227685,-0.48455133,-0.49225768,-0.51374652,-0.51308868,-0.48036249,-0.43872969,-0.39048135,-0.32013379,-0.23236616,-0.09180219,0.06542759599999999,0.17134396,0.34029616,0.51025026,0.55488601,0.59263434,0.60423938,0.64558129,0.69009113,0.66012746,0.71261748,0.76356456,0.88354846,1.016597,1.0248195,1.111327,1.1350141000000002,1.1600371999999999,1.183902,1.106039,0.94866577,0.84685426,0.83982356,0.8368769,0.84206477,0.83314289,0.89719635,0.89317714,0.82275487,0.73317166,0.68631835,0.65742737,0.60431813,0.6574943,0.74143315,0.80413903,0.77404002,0.70528242,0.64123615,0.57923752,0.55701928,0.52286871,0.49585245,0.46987385,0.42145664,0.33550952,0.25222656,0.24188869,0.25266238,0.2471875,0.22333274,0.19293475,0.19468924,0.21162364,0.27831639,0.40501749,0.52933394,0.59028533,0.59739253,0.60573922,0.61693659,0.66150722,0.71965627,0.77066353,0.81627197,0.81510091,0.8175893,0.852766,0.86454906,0.86207055,0.86113918,0.76264517,0.58664939,0.49141165,0.46042244,0.39399423,0.3294831,0.27141894,0.23496459,0.25994714,0.26327243,0.20328549,0.17047202,0.16443198,0.14408246,0.19436855,0.27489798,0.36308541,0.49821164,0.61441901,0.70639314,0.77575993,0.8303181000000001,0.83095363,0.84104597,0.89381806,0.92999245,0.9783166999999999,0.92027424,0.87864175,0.92961742,0.94916178,0.90427376,0.80938185,0.67329971,0.56969837,0.54943883,0.56444776,0.56137744,0.5010297,0.42066884,0.39389976,0.41577471,0.31829965,0.23452338,0.11072089,-0.036221777000000004,-0.1393885,-0.24932766,-0.34327936,-0.40379942,-0.39530947,-0.39578361,-0.40255441,-0.38388961,-0.40565422,-0.35298409,-0.25169912,-0.19256586,-0.14902691,-0.11668997,-0.17203414,-0.23595734,-0.29843102,-0.32731885,-0.20901968,-0.093082241,0.032817137,0.10544558,0.1768335,0.26757115,0.30810595,0.39258303,0.47703301,0.6660371,0.85071492,0.97123584,1.118299,1.2847239,1.4004946000000003,1.553084,1.6314851000000001,1.5967152,1.5956061000000001,1.5456086000000002,1.4093129,1.313823,1.1876143,1.1375414,1.2340757,1.3907120000000002,1.4032779,1.4714114999999999,1.5208578000000001,1.8262565,1.9937268,1.7929727,1.5527447,1.2861608999999998,1.1067361,0.93043321,0.80236343,0.93286845,1.0979742000000001,1.147445,1.2589919,1.6950939999999999,1.9097134999999998,1.5998169,1.1715978,0.74315306,0.37700413,0.08608776900000001,-0.16359254,-0.37168317,-0.58431536,-0.74573203,-0.91374015,-1.0331069,-1.1294763,-1.1908127,-1.2333586,-1.236153,-1.2215701,-1.2113038999999999,-1.1986136,-1.2099548999999998,-1.2429989,-1.3073518,-1.3981116000000002,-1.5153536,-1.6096476999999998,-1.6898235000000001,-1.7481866999999998,-1.7865673999999998,-1.8152549,-1.8346865,-1.8466612,-1.8553897000000001,-1.8648135,-1.8716397,-1.8775819999999999,-1.8830678,-1.8876112,-1.8907737,-1.8939633999999999,-1.897052,-1.8998215,-1.9035037000000001,-1.9072286,-1.9095263999999998,-1.9122848999999997,-1.9152754,-1.9178391,-1.9209707999999999,-1.9240658,-1.9268691999999998,-1.9293375,-1.9309771,-1.9328453,-1.9341238999999997
1.0,-0.54327633,-0.50546034,-0.50130697,-0.54671129,-0.63468499,-0.71180884,-0.78801404,-0.85518225,-0.89254199,-0.9071128,-0.88818139,-0.86759001,-0.86377982,-0.86816373,-0.91614505,-0.97108193,-0.98124428,-0.98951457,-1.0078745,-1.0063362,-1.0047009,-1.0259927,-1.0548509,-1.0813099,-1.1007868,-1.098959,-1.0879174999999999,-1.0758465,-1.0721558999999998,-1.089215,-1.096547,-1.0906176,-1.0877201,-1.0779942,-1.0584601999999999,-1.0474026,-1.0437386999999998,-1.0071276,-0.94718087,-0.89963249,-0.85593733,-0.78937826,-0.66838468,-0.55578729,-0.49717012,-0.47026724,-0.47460002,-0.45520558,-0.4555688,-0.47461614,-0.45485305,-0.40923298,-0.36060492,-0.27111337,-0.17186632,-0.059013947000000004,0.078722632,0.23680259999999997,0.41707241,0.45577851,0.44960256,0.46165676,0.48582984,0.56926642,0.65199465,0.6977932,0.71656606,0.78330133,0.75936597,0.80154236,0.92704842,0.90454887,0.89023622,0.82990969,0.75129756,0.61604494,0.5570203,0.56358185,0.56153638,0.65351281,0.74414638,0.7064568,0.65359876,0.68396042,0.64635197,0.55875678,0.54302938,0.55846853,0.6142029999999999,0.72355674,0.75000902,0.77993384,0.74368807,0.68210585,0.72909765,0.707713,0.63863558,0.55166248,0.49989798,0.45453515,0.34855886,0.24731173,0.21987959,0.20349118,0.16763327,0.1693905,0.13589814,0.12991905,0.16696744,0.22252117,0.32958288,0.42699446,0.48857648,0.57283776,0.66494707,0.71643174,0.74991197,0.83461564,0.88435777,0.88051924,0.94633966,1.0197544,1.0151152,0.97499904,1.0054596,0.93311295,0.77075453,0.66161079,0.57616725,0.46712836,0.39206466,0.38774031,0.36629815,0.30064624,0.25456889,0.21280367,0.17156484,0.17117657,0.16538766,0.19235133,0.26278856,0.31418461,0.41206712,0.54444947,0.65624897,0.73113316,0.84529369,0.97726221,0.90424521,0.83218785,0.87337503,0.93360247,1.0394174,1.0755350000000001,1.0282863000000002,0.95387737,0.94019102,0.92154858,0.83010542,0.76635624,0.69968679,0.66814102,0.64338199,0.60714598,0.56747963,0.57872473,0.53143257,0.43472759,0.32769761,0.24971846,0.15974457,0.03743954,-0.088849532,-0.24425238,-0.35100264,-0.39423755,-0.40482247,-0.38379835,-0.39557796,-0.40847749,-0.37375769,-0.24907848,-0.14688825,-0.064440363,-0.016627561000000003,-0.010105757,-0.046162573,-0.13696352,-0.1979598,-0.22773633,-0.1534959,-0.020018159,0.13249091,0.24010406,0.25440952,0.34178855,0.43559973,0.54429636,0.65660304,0.86732057,1.0592223,1.1936686,1.305299,1.4141138,1.4526048,1.527168,1.7066685000000001,1.7875457,1.7791830000000002,1.6590941000000003,1.5167571000000002,1.4539613,1.4533121,1.3338973,1.3138113,1.5183792999999999,1.5135418,1.5870895,1.6326931999999998,1.7295907,1.9077721,1.763845,1.4588408000000002,1.2175272,1.0367111,0.93689654,0.90610256,0.99085911,1.1428086000000002,1.2763163,1.4138636,1.6407842000000001,1.6979026999999998,1.4463021999999999,1.0822626,0.61025254,0.21202416,-0.063913258,-0.33266622,-0.55388599,-0.76596056,-0.91786232,-1.053579,-1.1493712,-1.2296629,-1.2804556,-1.3040733999999998,-1.3074540000000001,-1.3098826000000001,-1.3047109,-1.2936223,-1.304667,-1.3313936000000002,-1.3806266999999999,-1.4473557,-1.5259274999999999,-1.5914489,-1.6443293999999997,-1.6822968,-1.7088458999999998,-1.7269218000000002,-1.7383745,-1.7480335999999999,-1.7550759999999999,-1.7596991999999998,-1.7636854,-1.7682782,-1.7729197,-1.7756638999999999,-1.7775705000000002,-1.7794356,-1.7813984,-1.7838403000000003,-1.7861679,-1.7884810000000002,-1.7902533999999999,-1.7927811999999999,-1.7953103,-1.7972741,-1.7993412,-1.801837,-1.8040305,-1.8058287,-1.8073076000000001,-1.8088297999999998,-1.8096394
1.0,-0.55977161,-0.51515581,-0.50487576,-0.56351049,-0.65886079,-0.74356717,-0.82699006,-0.88457833,-0.90271497,-0.90874414,-0.90482096,-0.89437569,-0.89180433,-0.90589945,-0.93950112,-0.97512148,-0.99255645,-0.99337221,-1.0009119,-1.0068533000000002,-1.0121175999999998,-1.0286659,-1.0558988,-1.0873979999999999,-1.104545,-1.1032026000000001,-1.0850365,-1.0746337,-1.0874438999999998,-1.1052313999999999,-1.1019223999999999,-1.0907826,-1.0836016000000002,-1.0864049999999998,-1.0831995,-1.0629271,-1.0399644000000001,-1.0024593000000002,-0.95452958,-0.89565145,-0.8216734,-0.74400946,-0.66950532,-0.58560572,-0.50631026,-0.48358707,-0.48840369,-0.49217213,-0.49793108,-0.49189505,-0.48086895,-0.42296244,-0.3393777,-0.26385143,-0.1541737,-0.035785853,0.11345923,0.25792435,0.33241939,0.37839063,0.43119171,0.50775146,0.52903043,0.58558361,0.6195449000000001,0.60827339,0.64985609,0.70616761,0.75370939,0.84132094,0.88294379,0.88863603,0.84892339,0.77780287,0.73679527,0.65484667,0.55761259,0.53427801,0.59775941,0.61206577,0.68588733,0.71662921,0.6925492,0.64425774,0.59393387,0.57461873,0.5413732,0.57966904,0.58452258,0.65002892,0.75453812,0.75214296,0.71400511,0.63740384,0.59331351,0.58239701,0.56934921,0.5493056,0.5267071,0.46301159,0.33708887,0.23520227,0.17496059,0.15060388,0.14227494,0.1772515,0.21905104,0.16638925,0.14112363,0.21210461,0.33553803,0.43677659,0.48087165,0.51437618,0.58292335,0.64372292,0.71933462,0.77769327,0.79999773,0.89749168,0.95174596,0.9307603999999999,0.96953756,1.0393359,1.0207915,0.89648488,0.77240866,0.65625037,0.55100733,0.47487229,0.39627825,0.34322054,0.27783104,0.24007314,0.21599749,0.1699765,0.15541028,0.14019963,0.1231249,0.14538486,0.18835878,0.25445855,0.38929229,0.531155,0.64466014,0.76217125,0.82547272,0.89134592,0.83949601,0.76285084,0.92151283,0.95281623,0.90314339,0.96835707,0.97183446,0.92790474,0.89648488,0.88997913,0.8230721999999999,0.71168665,0.64793315,0.60031406,0.60478528,0.57997592,0.54425056,0.57043656,0.51347351,0.45229062,0.37427492,0.29254989,0.16428264,0.015657665,-0.11309939,-0.24270787,-0.34284886,-0.3919759,-0.37807905,-0.359547,-0.37735207,-0.38382354,-0.38464977,-0.30540881,-0.17868192,-0.097434229,-0.058507804000000004,-0.036890533999999996,-0.061265328,-0.12344017,-0.16624788,-0.17712260000000002,-0.10989334,0.029529952,0.18356635,0.28474555,0.36175009,0.43245251,0.45809035,0.53890846,0.66639412,0.86309969,1.0270771,1.1479852,1.3073945,1.4161749,1.5105739,1.6476006,1.7364301,1.6699042000000002,1.5601288999999998,1.5684751000000001,1.4985087,1.3587341999999998,1.2562828000000001,1.2628167,1.3372323,1.5464505,1.6911490000000002,1.7702198,1.7652859,1.9460951000000002,2.1201599,2.0042433,1.6499582,1.3101293999999999,1.0666858000000001,0.96737097,0.96090874,0.9978106,1.1332212,1.2967173,1.4929127,1.7040615000000001,1.8343013,1.6217471,1.2314375,0.72873568,0.32522319,0.0081523467,-0.29106941,-0.50487651,-0.70535226,-0.85965089,-1.0043757,-1.1135264,-1.1965643,-1.2414744,-1.2664966,-1.2665181,-1.2544414,-1.2401152,-1.2317163,-1.2387676,-1.2674673,-1.3209271,-1.3895604,-1.4815074,-1.5583593,-1.6224322,-1.6683683999999996,-1.6982471000000001,-1.7187004000000001,-1.7317523999999997,-1.7422708999999998,-1.7499186000000002,-1.755348,-1.7602653000000001,-1.7652346,-1.7690987,-1.7724186000000002,-1.7743828000000001,-1.7763235000000002,-1.7787834999999999,-1.7808210999999998,-1.7836123,-1.7862238999999998,-1.7883031000000003,-1.7907520000000001,-1.7925978,-1.7951063999999999,-1.7976803,-1.7999125,-1.8014852,-1.8031682,-1.8047526000000003,-1.8057863999999997,-1.8073047999999998
1.0,-0.57643322,-0.53298774,-0.50687836,-0.56112421,-0.65208653,-0.76729111,-0.84949585,-0.88827835,-0.91485692,-0.92853993,-0.92320641,-0.90031318,-0.88434139,-0.91255943,-0.94883949,-0.97170323,-0.98879153,-0.97583454,-0.9773796,-0.98456857,-0.99444933,-1.0116326,-1.0313886,-1.0734393999999998,-1.0896117,-1.0931966999999998,-1.0881054,-1.081225,-1.0954903,-1.1078622,-1.1120739,-1.1084332000000001,-1.0914475000000001,-1.0787625,-1.0702468,-1.0505864,-1.0246021,-0.99771947,-0.94820768,-0.88248148,-0.83049047,-0.76586433,-0.6651793,-0.56415153,-0.49556625,-0.46357789,-0.48152968,-0.50846755,-0.50733376,-0.49310519,-0.47746192,-0.42829096,-0.35948769,-0.24633269,-0.15645143,-0.059151222,0.1445404,0.27737333,0.34455888,0.38121605,0.39327528,0.43725307,0.50914382,0.58269207,0.62293233,0.62866142,0.67846292,0.72752642,0.8210334,0.92691245,0.83175368,0.85971947,0.98295721,0.90684997,0.82451316,0.73834228,0.59686793,0.61085793,0.6613637,0.66692592,0.69678228,0.68913494,0.69053615,0.68926807,0.60278372,0.53227361,0.57554151,0.57992539,0.61412924,0.69282558,0.67521102,0.71054293,0.73811262,0.66308931,0.61805284,0.63728279,0.64905433,0.57294826,0.49549009,0.41810353,0.31718682,0.2959372,0.29182595,0.25724731,0.25825593,0.27682075,0.2544959,0.21747466,0.23627870000000004,0.26800515,0.30484605,0.40182813,0.49521937,0.54649656,0.57719032,0.61206916,0.6788621,0.68304846,0.71702,0.83629244,0.89925111,0.89045099,0.85435233,0.85311554,0.82007963,0.77729928,0.77872076,0.66907925,0.5806444000000001,0.52826896,0.44776628,0.41149577,0.37549831,0.36289436,0.33280442,0.28647609,0.26268362,0.23237356,0.22293621,0.24517885,0.29528841,0.35307990000000006,0.40861049,0.50503352,0.61959345,0.75326823,0.86750143,0.87422237,0.80255503,0.77162122,0.8508993,0.89284024,0.91184053,0.97986104,0.97561665,0.92626132,0.87342146,0.8659814,0.84094641,0.7566279,0.75823174,0.69290037,0.62318522,0.63179005,0.6316217,0.6209813,0.61310928,0.55698124,0.43059938,0.37687693,0.2382902,0.11159116,0.0065798564,-0.12908733,-0.23826239999999999,-0.29939807,-0.2855743,-0.26238256,-0.27641393,-0.29628259999999995,-0.29838585,-0.18003662,-0.08749020099999999,-0.016196898,0.026859264,0.0310295,0.017162234,-0.061868686,-0.11885056,-0.11071408,-0.029579587999999997,0.056012941,0.20272237,0.29509598,0.38433482,0.4452561,0.47049244,0.56263544,0.67709989,0.8472286,0.95621718,1.0722651,1.1437996000000001,1.2722301999999999,1.3825455,1.4044028,1.4293204,1.4988517,1.5944635,1.5052716,1.3697641999999999,1.3444496000000001,1.3343552,1.3137121,1.2727263,1.4460642,1.5600929,1.4451236,1.4823467,1.8042470000000002,1.8582148999999997,1.7616395,1.5401203,1.2684978999999998,1.0869822,0.96193312,0.97428693,1.1222983999999998,1.1705784,1.2745837,1.4317198,1.5839328000000001,1.7248396000000001,1.6528573,1.3514523999999999,0.91499324,0.46698754,0.14174603,-0.1318624,-0.36538979,-0.60224419,-0.76494472,-0.92711845,-1.0557331,-1.1504088,-1.1990849,-1.2191039,-1.2134086000000002,-1.1999425,-1.1884337,-1.1752972,-1.183302,-1.2210732,-1.2950986,-1.3888392,-1.5033345,-1.6032766999999999,-1.6883166,-1.7461393,-1.7826627,-1.8078918999999998,-1.825466,-1.8399487,-1.8488712,-1.8549885,-1.8617288,-1.8680035,-1.8724202,-1.8760465,-1.8790368000000002,-1.882021,-1.8841979,-1.8856971000000002,-1.8885836999999999,-1.8922699,-1.8943861000000002,-1.8966490000000003,-1.8994357,-1.9017009999999999,-1.9041203999999998,-1.9068348999999998,-1.9091876,-1.9111639,-1.9127787,-1.9146136999999999,-1.9157485
1.0,-0.41806821,-0.35371261,-0.36231337,-0.46021944,-0.5520881999999999,-0.64319714,-0.74832691,-0.8130048000000001,-0.83607823,-0.83024067,-0.81869116,-0.79386383,-0.79168235,-0.82971438,-0.87310463,-0.89958174,-0.91588172,-0.92426342,-0.9156264000000001,-0.90070947,-0.9148271000000001,-0.93977068,-0.95871585,-1.0045234,-1.0261267,-1.0170879000000002,-1.0115636000000001,-1.0023342,-1.0058897,-1.0313242,-1.0405132,-1.0312515,-1.0178443000000001,-1.0110344999999998,-1.0123681999999998,-0.99193189,-0.94498281,-0.90975652,-0.86589293,-0.80989563,-0.75248705,-0.685419,-0.6048589,-0.50640154,-0.44439441,-0.43542443,-0.42989966,-0.44158853,-0.42379318,-0.39887241,-0.4183481,-0.37852356,-0.30396598,-0.2348757,-0.11934025,0.027494005,0.15378887,0.25545792,0.3468643,0.43764598,0.52427424,0.5295181,0.52889779,0.58052657,0.61503237,0.68215935,0.74309767,0.82036872,0.95991699,1.0195988999999999,0.99173726,1.0215489,1.0128645,0.89056715,0.80987779,0.82701758,0.77023107,0.68270699,0.66671818,0.7330810999999999,0.8294867,0.83792747,0.80260628,0.77767776,0.76039013,0.7347518,0.68291201,0.64512169,0.66519752,0.74681736,0.77211497,0.76062746,0.77231706,0.70111154,0.63008705,0.6038460999999999,0.56860241,0.54530262,0.52583204,0.43089096,0.34305365,0.31013183,0.25823003,0.22572102,0.24237313,0.25553484,0.26355988,0.24863944,0.26635743,0.3401046,0.42043453,0.48760977,0.54866244,0.62492844,0.64581907,0.65560503,0.6913848000000001,0.77569091,0.82195914,0.82899507,0.86934691,0.89055794,0.90936155,0.94978447,0.95139331,0.90666417,0.82174213,0.66548165,0.5577300999999999,0.50290061,0.42002406,0.36408569,0.34373977,0.32259251,0.30801118,0.27319434,0.2446112,0.23297015,0.22161411,0.24595083,0.28291493,0.33093998,0.43512816,0.54764993,0.67575573,0.78669746,0.88039251,0.92304034,0.79893996,0.75933463,0.92441915,1.0248315000000001,0.99210357,0.90767097,0.88028883,0.91422638,0.89448381,0.85096269,0.81712473,0.69481349,0.58278497,0.55769545,0.58128302,0.61524573,0.56846291,0.52159133,0.51252747,0.4635715,0.36768766,0.33275472,0.22775612,0.072772098,-0.09073312800000001,-0.2077537,-0.28411973,-0.32887505,-0.35102166,-0.35957036,-0.32201197,-0.29912089,-0.30325778,-0.21588988,-0.14532339,-0.11101046,-0.07401609099999999,-0.037452516,-0.06316659200000001,-0.14628135,-0.22328203,-0.23166036,-0.10199719,-0.012427483000000001,0.065794224,0.12961389,0.16993839,0.25654194,0.31518924,0.39541973,0.48049092,0.69193683,0.88726934,1.0359669,1.1776503,1.2733908999999999,1.430679,1.4856635,1.4764620000000002,1.536969,1.5265298999999999,1.5137456,1.4724924,1.3253013999999999,1.2054584,1.177738,1.1913548,1.2678907,1.3115403,1.4540806999999998,1.575397,1.7756546000000002,1.9798073,1.8058067999999998,1.4157628999999998,1.1563838,1.0156736,0.92867376,0.82522434,0.82416095,1.0123837,1.2120269,1.3629778000000001,1.4669345,1.5930058999999999,1.5049185,1.145717,0.71802072,0.39731621,0.11938675,-0.16710501,-0.3943075,-0.60650006,-0.76873775,-0.92414146,-1.0479548,-1.1455038999999998,-1.2040252,-1.2382911,-1.2378768999999998,-1.2248318999999999,-1.2086632,-1.190774,-1.1911391000000002,-1.2327806000000001,-1.3115527,-1.4056117,-1.5281505,-1.6318366000000002,-1.7210659,-1.7861214,-1.8312765,-1.8631143000000001,-1.8827656000000004,-1.8987561999999998,-1.9106351000000001,-1.919344,-1.9258442,-1.9330077,-1.9393049,-1.9437506000000002,-1.9479391,-1.9517898,-1.9546693,-1.9580819999999999,-1.9618491999999998,-1.9655101000000001,-1.9686912,-1.9717816000000004,-1.9750805,-1.9784839,-1.9818859,-1.9854778999999998,-1.9889955000000001,-1.991261,-1.9930086999999999,-1.9953928,-1.9975214
1.0,-0.51462958,-0.48927034,-0.43838821,-0.45496406,-0.60239219,-0.71440149,-0.78294266,-0.8360633,-0.8541366,-0.86456684,-0.87161075,-0.86796966,-0.88538036,-0.91420619,-0.94152311,-0.9649207000000001,-0.97356067,-0.95965815,-0.94835395,-0.96095763,-0.96558812,-0.9857533000000002,-1.0143134,-1.031493,-1.0496212,-1.0444563,-1.0186017,-1.0305017,-1.0469865,-1.060494,-1.0817389,-1.0430274,-1.01768,-1.0377787,-1.0279978,-1.0054459,-0.98601204,-0.95461372,-0.89384241,-0.83487529,-0.78520518,-0.71661727,-0.62876087,-0.54825396,-0.51568993,-0.49854655,-0.49644224,-0.50145119,-0.50941248,-0.51729188,-0.49794054,-0.46683354,-0.39781851,-0.29376536,-0.17347527,-0.08773347,0.066312203,0.19420421,0.23114546,0.2700938,0.30264883,0.33711889,0.34443965,0.40674807,0.44173817,0.46622741,0.54000809,0.62775795,0.65218962,0.69248236,0.71167914,0.70783516,0.72747257,0.7686337,0.8662946,0.77311167,0.63496724,0.65864918,0.63725762,0.58311371,0.64114609,0.73064613,0.71582046,0.62830372,0.54273813,0.55052321,0.54141603,0.54954796,0.53821771,0.52916713,0.59560164,0.65510048,0.65815507,0.60700026,0.58315359,0.59036514,0.54305142,0.53073714,0.49355290000000007,0.39573809,0.41674561,0.32470824,0.22094138,0.26837878,0.28877568,0.2926499,0.2737961,0.20231609,0.19361031,0.23900814,0.3135108,0.47211461,0.56430986,0.531738,0.57137521,0.60440602,0.6154383000000001,0.73592829,0.80209495,0.80051605,0.76483365,0.72141569,0.81929718,0.87391033,0.85639438,0.84003771,0.72717031,0.59500227,0.49582324,0.46562933,0.4340219,0.38498984,0.34288937,0.27266168,0.25796323,0.28058063,0.27727255,0.23506415,0.23463403,0.24114793,0.21115038,0.31011397,0.41609951,0.48046165,0.63856535,0.70953078,0.72002908,0.75182461,0.73941558,0.70300241,0.77284821,0.87914319,0.90916646,0.90056733,0.93924997,0.95682809,0.95879231,0.95724299,0.86934919,0.78691311,0.696836,0.62776545,0.61144469,0.56040896,0.60770027,0.63194781,0.57910402,0.57151851,0.50879316,0.41315050000000003,0.26158760000000003,0.16913394,0.05128331,-0.083387976,-0.15038583,-0.21713267,-0.22227121,-0.18176379,-0.18167429,-0.20548752,-0.20342791,-0.12879042,-0.048128203,0.04297775,0.057498920999999995,-0.0077535801,-0.019306014,-0.04933947,-0.092747674,-0.036980167,0.052241412,0.11002609,0.17612297,0.24932369,0.39163632,0.37546840000000004,0.38264319,0.50775381,0.58448029,0.66037278,0.79969825,0.92630042,1.0191072,1.0356193,1.1475703000000002,1.3710403,1.4683546,1.5153767,1.4052653999999998,1.3313184,1.3476268999999998,1.35275,1.3719691999999999,1.2637534,1.1429816000000002,1.3168007,1.6000338,1.751206,1.7289395,1.9463759999999999,2.0468287,2.0153209,1.6937705,1.4041343000000002,1.3262448999999998,1.1978833999999998,1.0368027,1.0584402,1.2640791999999998,1.2987791000000002,1.3427968000000001,1.6600525000000002,1.8745067,1.9078045,1.6595891,1.1174915,0.71611531,0.43091008,0.12847496,-0.11549755,-0.39183892,-0.58940812,-0.78316099,-0.92292869,-1.0165222,-1.0831913,-1.1238415000000002,-1.1274343,-1.1127042,-1.0847541,-1.054575,-1.0505533999999999,-1.0864593,-1.1670911,-1.2825245,-1.4337053,-1.5642211000000001,-1.6804866999999999,-1.7630178,-1.8181786,-1.8549552,-1.8802171000000003,-1.8989111,-1.9104735000000002,-1.9215236,-1.9299915,-1.9364314999999999,-1.9431416000000001,-1.9489778999999998,-1.9537288000000002,-1.9586514,-1.9610933000000002,-1.9636631999999998,-1.9687293999999997,-1.9733606,-1.9766374,-1.9809641,-1.9850788000000001,-1.9888418999999997,-1.9924407,-1.9952345,-1.99835,-2.0018958,-2.0045729,-2.0063342,-2.0080131000000003
1.0,-0.62909419,-0.60395183,-0.6394648,-0.67217873,-0.72981696,-0.81130731,-0.86505099,-0.89712317,-0.9209693000000001,-0.93593685,-0.93256674,-0.92058967,-0.91985788,-0.94675458,-0.9817074,-0.99948704,-1.0017931999999998,-1.000494,-0.99485472,-1.0085826,-1.0307119,-1.0521258,-1.0646441,-1.0751883,-1.0941701000000001,-1.0870323999999998,-1.0634697,-1.0483512,-1.0440581,-1.0562291000000001,-1.0582035,-1.0449673000000002,-1.0451448,-1.044851,-1.0365389,-1.0220494,-0.9930177,-0.95051994,-0.91040555,-0.8572233,-0.80319141,-0.75399386,-0.63540482,-0.4988612,-0.46327337,-0.43493383,-0.42297675,-0.45276715,-0.44583241,-0.45015204,-0.44885689,-0.42898379,-0.38671734,-0.28587490000000004,-0.15482875,-0.024444441,0.083502558,0.18044318,0.2638284,0.30653459,0.37543403,0.46652054,0.46059008,0.45800662,0.48586621,0.4889771,0.54194611,0.64068546,0.73745915,0.75955682,0.77146213,0.82745755,0.79338089,0.69665511,0.62737314,0.60070186,0.59429979,0.56334075,0.51635931,0.57175201,0.70873399,0.77785886,0.68273632,0.62933421,0.6036625,0.5648794,0.5366051,0.51768152,0.56806953,0.61125578,0.65937794,0.74213479,0.79554514,0.70322112,0.64689237,0.64200297,0.59892548,0.56062169,0.49353980000000003,0.43082171,0.38251004,0.26099781,0.20935132,0.24433334,0.2447842,0.22959903,0.22340143,0.21417656,0.21131955,0.25286534,0.38248523,0.51268261,0.51850699,0.50272125,0.57618286,0.69922659,0.72652282,0.72705538,0.81651565,0.95110238,0.93648678,0.91169262,0.91123834,0.89498335,0.98481823,0.95734704,0.77726737,0.64179775,0.58531426,0.53922288,0.45857629,0.39747064,0.35788175,0.3048505,0.26826855,0.27310663,0.26201779999999997,0.23385482,0.21325068,0.20870369,0.27242606,0.34113333,0.43105730000000003,0.56302196,0.69799464,0.75849212,0.82917351,0.92604184,0.87186954,0.81250594,0.87520243,0.90048017,0.86745901,0.91833927,0.97856448,0.98869555,0.9441008,0.88680436,0.76187367,0.70053511,0.66745887,0.57023667,0.56511179,0.61428293,0.57035548,0.55327619,0.52502841,0.51166956,0.46412498,0.30428853,0.13416327,0.032867086000000004,-0.047276142,-0.15884028,-0.2463998,-0.31023467,-0.32098033,-0.31242309,-0.31245186,-0.2769144,-0.2579382,-0.14052551,-0.028086497999999998,0.037452675,0.03389649,-0.021801202999999998,-0.077767103,-0.14620232,-0.18596905,-0.19283738,-0.082081492,0.035324568,0.11570606,0.230765,0.43825875,0.48070646,0.44604954,0.51582942,0.58037117,0.75259545,0.90844485,1.0145855,1.1816548999999998,1.3125056,1.4202943000000001,1.4639271,1.5674938999999999,1.6855776000000002,1.6631021000000001,1.5813943000000001,1.4475483,1.3369996000000002,1.4221478,1.4075864,1.3145542,1.4620235000000001,1.5219735,1.6104007,1.7682218999999997,1.9981303,1.9648173999999998,1.7789223,1.536286,1.3279046,1.1575912,0.92163783,0.88708058,1.039951,1.1754779,1.4015725,1.5667271999999999,1.7676851999999998,1.9508644,1.7804846999999997,1.324128,0.7866181,0.44644832,0.15414149,-0.13145871,-0.37618888,-0.60670436,-0.77847169,-0.94907721,-1.0778181,-1.1859671999999999,-1.2538912,-1.2929606000000002,-1.3143221999999999,-1.3314983999999999,-1.3356646,-1.3353281000000001,-1.3535648999999998,-1.3860851,-1.4329355,-1.492473,-1.5610491000000002,-1.6165511000000001,-1.6653495999999999,-1.7000932,-1.7228108,-1.7402818,-1.7521451000000001,-1.761611,-1.7684379000000001,-1.7738976999999998,-1.7786486000000001,-1.7835003,-1.7877971000000001,-1.7898316000000003,-1.7918451000000002,-1.7952893,-1.7978162,-1.7999698,-1.8024651999999999,-1.804893,-1.8076612,-1.8101641,-1.8123578000000002,-1.8160353,-1.8193956000000002,-1.8217602,-1.8235014999999999,-1.8254131999999998,-1.8277802,-1.8291416,-1.8308087
1.0,-0.62617203,-0.55686824,-0.54579751,-0.58558229,-0.67391162,-0.76622656,-0.82892123,-0.86945233,-0.88105878,-0.87628436,-0.85910846,-0.84050597,-0.85034776,-0.88228614,-0.92427149,-0.96566314,-1.0024536,-1.0226676,-1.0188168,-1.0294724,-1.0468866,-1.0552218,-1.0793825000000001,-1.0995863000000001,-1.0999803999999997,-1.0931707,-1.0672325,-1.0286298,-1.026772,-1.0413859,-1.0380548,-1.0320578999999999,-1.0253459,-1.0293469000000002,-1.0265316999999998,-1.0072221,-0.99221554,-0.96465459,-0.91062848,-0.8537054000000001,-0.79207248,-0.69612947,-0.58795997,-0.48583699,-0.391176,-0.35482246,-0.35984217,-0.37330965,-0.36459025,-0.37319925,-0.39446017,-0.37417841,-0.35821213,-0.31275504,-0.21414629999999998,-0.089142687,0.08293561099999999,0.20713307,0.27910086,0.35914723,0.37816907,0.39592728,0.41775185,0.4529196,0.51124981,0.55730972,0.5532201999999999,0.57635777,0.69543055,0.73785551,0.72578801,0.74680471,0.66049777,0.60794881,0.57460608,0.5690128000000001,0.52917229,0.42902048,0.47920566,0.58726357,0.66548081,0.7202854000000001,0.67446879,0.60979302,0.54550643,0.49243195,0.51295027,0.54765087,0.5470041,0.58495141,0.69317757,0.74056955,0.73567996,0.6879368,0.61236821,0.59283448,0.61251527,0.60777487,0.57631978,0.50633308,0.40397541,0.30622259,0.2653182,0.23451055,0.2034363,0.21846339,0.24051313,0.23610167,0.26171661,0.32966397,0.3919324,0.46765018,0.5341413,0.58701894,0.68073969,0.75245014,0.8212795,0.93092271,0.94767462,0.99320213,1.0584407,1.0090641,1.0116991,1.0626968,1.0746043,1.0580025,0.9300185999999999,0.78198993,0.70451715,0.62519566,0.49920878,0.40474265,0.36968371,0.33521753,0.29446882,0.27794432,0.25855594,0.25513821,0.24793779,0.23348347,0.28020498,0.35389149999999997,0.43514683,0.53510762,0.66537332,0.75073949,0.79663182,0.90460898,0.92981422,0.85734368,0.86760694,0.94534777,0.97932906,0.94550781,0.95506102,1.0161666,0.98726044,0.93220606,0.81725709,0.74221336,0.68479334,0.61899677,0.64552005,0.6535609,0.58594898,0.55384129,0.55687329,0.51046338,0.44547018,0.37134353,0.21499615,0.076803308,-0.045528229,-0.18789717,-0.28509508,-0.32797752,-0.32173018,-0.29831582,-0.30077954,-0.31248474,-0.31090963,-0.18772429,-0.051834205,0.024310076,0.079307404,0.0129464,-0.088532449,-0.14005605,-0.20808336,-0.26178185,-0.20901421,-0.07979677,0.052474642,0.14934745,0.23158273,0.29685484,0.34580458,0.44826524,0.56386125,0.71213349,0.88132751,1.0145389999999999,1.1112559,1.252177,1.3205045,1.3694614,1.5118368,1.5948596000000002,1.5905876,1.60812,1.4927252,1.3157136999999999,1.3017143,1.3644077,1.4713106000000002,1.5282749,1.4301133,1.530887,1.6879574000000002,1.8059047,1.9291593999999996,1.7826336999999999,1.4377788999999999,1.1304418999999999,0.98406245,0.92790553,0.89418965,1.0269857,1.287059,1.4459285,1.5822192,1.8543951,1.9706292,1.7945849999999999,1.4431643,0.90936553,0.40511845,0.036424174,-0.29388543,-0.55064354,-0.75414158,-0.91100072,-1.0705556,-1.1823096000000002,-1.2734466999999998,-1.3346864999999999,-1.3818489,-1.4131555,-1.4330288,-1.4489246,-1.4642588,-1.4810609,-1.504071,-1.5376328000000001,-1.5759018999999999,-1.6161673,-1.6485351000000001,-1.6762756,-1.6974416,-1.7120623,-1.7235177,-1.7317397,-1.7383484,-1.7440328999999999,-1.7484023999999998,-1.7514038,-1.7550782,-1.7588715,-1.7613994,-1.7629818,-1.7651531999999999,-1.7669433,-1.7688613999999998,-1.7717741999999999,-1.7752714,-1.7771924,-1.7792058000000002,-1.7824388,-1.7853203000000002,-1.7880102,-1.7906227,-1.7934769,-1.7960424,-1.7978357,-1.7990403999999998,-1.8001914
1.0,-0.65403491,-0.6347155,-0.62591112,-0.65057748,-0.71011153,-0.79393303,-0.87650045,-0.91708541,-0.9272314,-0.91861619,-0.90504849,-0.88425405,-0.88279555,-0.91772946,-0.95532371,-0.9872264000000001,-0.99940125,-1.0021007,-1.0005365,-0.99862548,-1.0106343,-1.0328134,-1.0550429,-1.0746258999999998,-1.0784038999999999,-1.0631443999999999,-1.0457623,-1.0351334,-1.0342879,-1.0446116,-1.0536142,-1.0396135,-1.0293595,-1.0232959000000001,-1.0187269,-1.0183166,-0.99805131,-0.95683332,-0.90511286,-0.85731276,-0.78979611,-0.70672638,-0.62614716,-0.52153264,-0.46236748,-0.45331308,-0.43913266,-0.44951767,-0.46206198,-0.44630659,-0.44647374,-0.42984517,-0.35773885,-0.2725012,-0.17890825,-0.04544866400000001,0.10912894,0.23419102,0.32882797,0.37487112,0.42793883,0.47126785,0.5149748,0.62066664,0.72324778,0.70777771,0.68893604,0.7287585,0.77736981,0.85009872,0.91723277,0.85305525,0.76463716,0.74425356,0.70759489,0.68252546,0.62483772,0.57689263,0.61029476,0.68861938,0.75947897,0.74976328,0.69360238,0.60117683,0.56216247,0.56728029,0.52623566,0.55364101,0.62572206,0.72096029,0.80524894,0.77318983,0.74221411,0.72836292,0.64534302,0.59578159,0.56394724,0.54096357,0.5336605999999999,0.43814143,0.33886088,0.25834646,0.20138635,0.19363712,0.19954412,0.22889629999999997,0.20216296,0.1660402,0.18161531,0.23624952,0.36853565,0.51100192,0.57716087,0.58815689,0.63292704,0.72304209,0.8102829,0.8501439000000001,0.87469802,0.90959946,0.95602421,0.9994031999999999,1.0235599,1.0134695,1.0103223,0.91339374,0.72318453,0.62912401,0.56129282,0.50086229,0.45172947,0.38186293,0.29180139,0.25598456,0.25157051,0.24982118,0.22935767,0.18090222,0.16959519,0.17326876,0.24375098,0.36496315,0.44941162,0.54404815,0.71133369,0.8316539000000001,0.86677134,0.87790204,0.82301992,0.8387938,0.95607645,0.99300957,0.97158929,0.95947473,0.99326947,0.9653429,0.90254116,0.8630163000000001,0.78371671,0.67493761,0.61732384,0.58068098,0.54150512,0.53700524,0.53121541,0.49938656,0.46511576,0.43137353,0.33960968,0.25181432,0.12242177,-0.010700828,-0.14389105,-0.26308637,-0.34646287,-0.38763188,-0.38863155,-0.37747149,-0.3740797,-0.3681151,-0.37159823,-0.27596061,-0.13499561,-0.06575307,-0.069555399,-0.09400815900000001,-0.13815671,-0.20019666,-0.2616681,-0.2725804,-0.17523157,-0.086103641,0.01856382,0.14347752,0.29908021,0.33278192,0.33704237,0.4528411,0.62151864,0.83111474,0.93358309,1.0595048,1.2575258999999999,1.4188169,1.515156,1.5855866000000003,1.7059403999999998,1.7936032,1.7282511000000003,1.6452605,1.5176216,1.4095407,1.432942,1.4083572,1.372523,1.5401396,1.5734257,1.6280646,1.8008017,1.9478043,1.9522107,1.7634120999999998,1.5247556999999998,1.2258347,1.0206425,0.91384805,0.84978742,0.94086134,1.1096458,1.2826158,1.4622851000000001,1.6733313000000003,1.794684,1.7274536,1.3167775,0.70110934,0.2841973,-0.03360078,-0.32555155,-0.53474684,-0.74666234,-0.9022471,-1.0477371,-1.1589915000000002,-1.2401802,-1.2930268999999999,-1.33318,-1.3555581,-1.3668452,-1.3714943000000002,-1.3744032,-1.3877861999999999,-1.4140081,-1.4528591999999998,-1.4997143999999998,-1.5537233,-1.5969593,-1.634117,-1.6623072,-1.6815093,-1.6956759999999997,-1.7055646,-1.7140604,-1.7202943,-1.7243843,-1.7280767,-1.7316326000000002,-1.7354389,-1.7387968,-1.7407105999999999,-1.742619,-1.7442696,-1.7460606,-1.7488563999999998,-1.7523265,-1.7537679,-1.7556341,-1.7581491000000002,-1.7602852,-1.7631667000000002,-1.7662034,-1.7681609,-1.7698778000000002,-1.7716512999999998,-1.7728353,-1.7742307000000002
1.0,-0.67546256,-0.61780148,-0.61906915,-0.6644760000000001,-0.75110223,-0.84118766,-0.90001286,-0.93792622,-0.95363517,-0.94810902,-0.92668439,-0.89887007,-0.89762203,-0.9427395000000001,-0.97731298,-0.99955085,-1.0218810999999999,-1.0343651,-1.0381353000000002,-1.0470809,-1.0516123,-1.0620033000000002,-1.0856481000000002,-1.0993465,-1.11585,-1.1128403,-1.0843059,-1.0692675,-1.0704423,-1.0769303999999997,-1.0789963,-1.0720945,-1.0663796,-1.0667552,-1.0609425,-1.0414195,-1.0225389999999999,-0.99609863,-0.94798244,-0.89308984,-0.82774046,-0.73810103,-0.64034955,-0.54355408,-0.48688117,-0.47517648,-0.48256684,-0.50585582,-0.51886058,-0.50048695,-0.49861509,-0.48659797,-0.42619701,-0.35137571,-0.21802807,-0.041780857000000005,0.11209809,0.24781232,0.36916167,0.38747786,0.37769259,0.41234049,0.468383,0.50925543,0.51782099,0.53346039,0.56957644,0.61251645,0.62506098,0.6784266999999999,0.74555613,0.76239338,0.72752945,0.6269011,0.55024442,0.54913956,0.54801376,0.51545742,0.50309005,0.56675067,0.64873985,0.6962143,0.66533988,0.56634524,0.48340688,0.47770041,0.50676225,0.54711992,0.63067761,0.67288646,0.74121059,0.77501707,0.70709719,0.66552521,0.63873237,0.60319009,0.56567834,0.56602476,0.51592884,0.41931765,0.30560037,0.23116211,0.17541729,0.14188991,0.16579758,0.17726649,0.1713369,0.16444193,0.19443199,0.28075131,0.38575590000000004,0.49544376,0.58780451,0.60061313,0.68225524,0.74683723,0.78423319,0.88110953,0.9213858,0.95202339,1.002194,1.0063478000000001,0.98557882,1.0158782,1.0129074,0.96538484,0.84171486,0.70610996,0.62871645,0.52473057,0.4195151,0.35041186,0.31754663,0.29355690000000007,0.25436917,0.22943909,0.20343433,0.17753204,0.18219278,0.21153202,0.25323691,0.34570290000000004,0.47119639,0.61867379,0.75933408,0.81363434,0.86106861,0.9300316999999999,0.89145514,0.81318425,0.86923374,0.92094006,0.93031174,0.90647072,0.93603217,0.94119028,0.89300087,0.8590462,0.74240594,0.66560885,0.62432612,0.57467528,0.55067831,0.5698865,0.55098798,0.51540882,0.50537617,0.44875094,0.32745428,0.22543128,0.09900561199999999,-0.004082467,-0.13104897,-0.25496421,-0.32566612,-0.36164993,-0.36031245,-0.34543373,-0.34761289,-0.35300705,-0.34449734,-0.20101669,-0.079691842,-0.021663405,-0.0019278066,-0.033861248999999996,-0.09002559800000001,-0.16448836,-0.22639711,-0.22665093,-0.12465006,-0.030349092,0.082344863,0.15297697,0.24297007,0.36901638,0.39196961,0.47928368,0.61262512,0.82676818,0.9911370999999999,1.0711716999999998,1.1694175,1.3437523999999998,1.4975497,1.61816,1.7339011000000002,1.7679576000000001,1.7162689999999998,1.6846103,1.6155533000000002,1.476839,1.3715846,1.2880724,1.3034354,1.5448523,1.6484020000000001,1.7209580000000002,1.8535868999999998,2.112972,2.1056375,1.8466246,1.5900796,1.315935,1.0738816,0.96729766,0.95369108,1.0822120000000002,1.2449796,1.4021702,1.6102386,1.8225926,1.9233035,1.7297137999999999,1.3454295,0.77738999,0.31944194,0.027191985,-0.28149493,-0.51932436,-0.71709553,-0.87619029,-1.0264696,-1.1310966999999998,-1.2155108000000001,-1.2665226,-1.2974488000000002,-1.3103354,-1.311502,-1.3087653000000001,-1.3063263,-1.3147951,-1.3357450000000002,-1.376767,-1.4322636,-1.4947683999999999,-1.5467246000000001,-1.5939837,-1.6284003999999999,-1.6519423,-1.669002,-1.6801401000000002,-1.6886537,-1.6949327,-1.7001169999999999,-1.7031769,-1.7069509999999999,-1.7113200000000002,-1.7140234,-1.7154762,-1.7180171000000002,-1.7199531000000003,-1.7217886000000002,-1.7247828,-1.7276409,-1.7297982,-1.7315808000000001,-1.7335374,-1.7360817,-1.7387771,-1.7415599999999998,-1.7436118999999999,-1.7452583,-1.7470727,-1.7484887999999998,-1.7494638999999998
1.0,-0.53874235,-0.47511614,-0.48579124,-0.56873435,-0.65473954,-0.74705635,-0.83287956,-0.86936615,-0.88986142,-0.88882384,-0.86334809,-0.84220676,-0.84369961,-0.8804066999999999,-0.91241556,-0.94213941,-0.95956281,-0.96435467,-0.96444682,-0.96641438,-0.97495356,-0.9812146999999999,-1.0081687,-1.0402235999999998,-1.0565109,-1.0575533000000001,-1.038793,-1.0204495999999998,-1.0320063,-1.052051,-1.0557722,-1.0428177,-1.0306685,-1.0375037,-1.0360841,-1.0122182,-0.98871332,-0.95671226,-0.9060983,-0.84546842,-0.7850659999999999,-0.72713723,-0.64651251,-0.54818445,-0.46211119,-0.44186481,-0.44281986,-0.44741099,-0.47186777,-0.46546765,-0.44328228,-0.41109343,-0.33266888,-0.23518729,-0.12171654,0.012687489,0.12959457,0.28328112,0.40916457,0.46688214,0.53984535,0.56864636,0.5718861,0.61303587,0.61060557,0.6611214,0.7479772,0.77558904,0.83847356,0.89559572,0.90226598,0.8809983,0.87664262,0.85006287,0.81613576,0.81287776,0.7181001,0.6562676,0.67449147,0.64868065,0.67194378,0.75978203,0.74786612,0.69301835,0.63252777,0.57790681,0.57500181,0.57273538,0.5995001,0.66531054,0.73384203,0.76321487,0.72914099,0.65328157,0.63749033,0.62231476,0.58396622,0.52424589,0.48644843,0.45977205,0.37977197,0.30657647,0.2663399,0.24830017,0.28077959,0.29427801,0.23659696,0.20088810000000001,0.20489693,0.25935467,0.36960378,0.49622958,0.56211574,0.60623229,0.64513373,0.70906712,0.76653165,0.81869541,0.89138698,0.93012472,0.9844845,1.0056291,0.99307283,1.0318075999999998,1.0667882,0.96743436,0.78610325,0.65608147,0.61814653,0.56639671,0.44029941,0.36531335,0.33691582,0.29915953,0.24377098,0.21082367,0.20618339,0.19459110000000002,0.17283177,0.18344096,0.25171741,0.30517045,0.38914035,0.54293201,0.70458043,0.80115213,0.83769501,0.84235836,0.86251309,0.85584698,0.9248002000000001,0.93935346,0.87187682,0.95495924,0.96577364,0.8849799,0.88832158,0.88927531,0.8039175000000001,0.68817419,0.59877019,0.59186781,0.55417595,0.50234826,0.47549106,0.46855348,0.47120229,0.45261281,0.37889611,0.25343076,0.10469812,-0.0080897152,-0.14934797,-0.27462936,-0.33528648,-0.37889461,-0.38869868,-0.37608491,-0.38247191,-0.38974721,-0.38014040000000004,-0.27791277,-0.16103789999999998,-0.10372529,-0.10768763,-0.11508729,-0.13256698,-0.20528163,-0.26701169,-0.26393716,-0.20524112,-0.10028647,0.029414521000000002,0.09384552199999999,0.18086986,0.25851385,0.3146011,0.43069359,0.50481691,0.72265819,0.90902706,1.0606044,1.1933333000000002,1.2775484,1.3592403,1.4863414,1.5884313,1.6598276,1.7171002,1.6810351000000003,1.5580737,1.5101635,1.4442901000000001,1.3365941000000001,1.2942419,1.3703119,1.5052041,1.6958971999999999,1.76273,1.9074604,1.9208705000000001,1.7359461999999999,1.5246095,1.1832622,0.98110164,0.90110903,0.81369732,0.90988564,1.0827280000000001,1.1874398000000002,1.2976492,1.6201012,1.8392803,1.6871314,1.3090197000000001,0.78457753,0.40273191,0.11347856,-0.18381802,-0.42894055,-0.66943576,-0.83489958,-0.98897533,-1.1085428,-1.2070486999999999,-1.2698996999999999,-1.3112004,-1.332281,-1.3471201000000002,-1.3496336000000002,-1.3478952,-1.3667098,-1.4012381999999999,-1.4506136,-1.5090741,-1.5740736000000002,-1.6272218,-1.6739475,-1.7083168999999998,-1.7320755,-1.748993,-1.761263,-1.7707708999999998,-1.7776266,-1.7836583,-1.7873244,-1.7919058999999997,-1.7965673999999998,-1.7997506999999997,-1.8017648999999998,-1.8040426,-1.8061721999999998,-1.8085788,-1.8116914000000002,-1.8146963,-1.816815,-1.8193401999999999,-1.8221028000000001,-1.8243476000000003,-1.8270876,-1.8299197,-1.8321217,-1.8341528999999999,-1.8360855,-1.837943,-1.8391419999999998
1.0,-0.59182708,-0.57097984,-0.59002393,-0.66394766,-0.75591829,-0.83324754,-0.89181943,-0.93446406,-0.95917819,-0.97198653,-0.9639616,-0.93851611,-0.94161606,-0.96363598,-0.98209761,-1.0032796,-1.0119122,-1.0069522,-1.0093006,-1.0152972,-1.0207021,-1.0281125,-1.0462417,-1.0678617,-1.0829141000000002,-1.0919510000000001,-1.0829189,-1.0654573999999999,-1.0752452,-1.0903197,-1.0819331,-1.0671251,-1.0647403,-1.0703622,-1.0571501,-1.0299267,-1.0020078000000001,-0.96347573,-0.91152956,-0.85559363,-0.79111451,-0.72389925,-0.6638173,-0.58384159,-0.50723513,-0.49799158,-0.52407087,-0.52080693,-0.52807144,-0.54058668,-0.48571616,-0.40544804,-0.33634258,-0.25260571,-0.13719216,0.01508169,0.14231607,0.28729040000000006,0.40023766,0.43061297,0.43876729,0.44440605,0.50959508,0.58345889,0.63940936,0.67608713,0.69629033,0.77713482,0.86826476,0.88733044,0.98041673,1.1053343999999998,1.1042587,1.0378532,0.94906608,0.85349828,0.7463665,0.74749185,0.7817249,0.73345258,0.79494078,0.8593449000000001,0.80215686,0.74124059,0.64610151,0.58066145,0.6219531,0.62961767,0.66001775,0.7159011,0.69803259,0.71636898,0.72576046,0.66768441,0.62174234,0.58831841,0.53950901,0.53551149,0.51609501,0.45080579,0.36002762,0.30492518,0.27159577,0.23535129,0.25773682,0.30080311,0.29441472,0.25057817,0.25968361,0.30965032,0.41977163,0.534594,0.5892294,0.61300223,0.62793215,0.69737291,0.73976693,0.74320662,0.78672447,0.8480700000000001,0.89614984,0.92414105,0.9315135,0.93832853,0.92963424,0.84613746,0.75822178,0.67505215,0.58902597,0.54552847,0.50337898,0.41305665,0.3461111,0.31828373,0.27514008,0.29437722,0.28758668,0.24803702,0.24213297,0.25017658,0.28965442,0.36144717,0.44455246,0.51967585,0.64486601,0.7474978,0.75834951,0.81704013,0.82339933,0.75641558,0.86053321,0.88857037,0.85278311,0.86364825,0.882389,0.9143978000000001,0.88867955,0.84043462,0.78134545,0.73830434,0.6598968000000001,0.61026319,0.61573492,0.61872693,0.58980522,0.53523777,0.53469558,0.51553718,0.39254983,0.28863107,0.17210379,0.042124557,-0.12807053,-0.2119224,-0.27090031,-0.33617057,-0.337479,-0.32645375,-0.30881579,-0.31856817,-0.35955399,-0.23731766,-0.095789661,-0.041476424,-0.015699778,-0.054952743,-0.11740563,-0.18372554,-0.22737056,-0.19907116,-0.086769606,0.007987951,0.1274916,0.23151166,0.30722485,0.36608569,0.37857906,0.46171133,0.58397299,0.72627677,0.85061005,0.98151633,1.1162918,1.2367661,1.368625,1.5112068,1.5707191999999999,1.5340066,1.5240846000000001,1.501225,1.3749571000000003,1.3294072000000001,1.2937613000000001,1.2514551999999999,1.2667598999999998,1.3424053,1.4002908,1.5064183,1.7409176,1.8994881999999997,1.7968901999999998,1.7142589,1.4904701999999999,1.1573554,1.0607864,0.95877142,0.86810451,1.0387958000000002,1.191567,1.2468527,1.3884701000000002,1.6489038,1.7006546999999999,1.6218215,1.3158292999999999,0.83938885,0.50047677,0.21046030000000002,-0.079537759,-0.32377172,-0.56785898,-0.73021983,-0.88466881,-1.0124587,-1.1190859,-1.1889413,-1.2348938,-1.2468463,-1.2462799999999998,-1.2432398,-1.2402935,-1.2578112,-1.2976229,-1.3588176,-1.4349968000000002,-1.5284816,-1.6041903999999998,-1.6706671000000002,-1.7203159,-1.7539305,-1.7765943,-1.7910456999999997,-1.8030906000000002,-1.8113663,-1.8175071,-1.8228363,-1.8283443,-1.833362,-1.8371703000000001,-1.8395359,-1.8418109,-1.8439131000000002,-1.8467078000000001,-1.8497292,-1.8530414000000002,-1.8560153999999998,-1.8583068999999999,-1.8602528000000003,-1.8631058,-1.8669664000000001,-1.8688181000000001,-1.8701927999999999,-1.8723216,-1.8736945,-1.8752949,-1.8771268
1.0,-0.69637574,-0.64382723,-0.65514167,-0.71097519,-0.80322595,-0.89365728,-0.94614686,-0.96945331,-0.98356211,-0.99518308,-1.0010636999999998,-0.9922821,-0.98011293,-0.9930273000000001,-1.0232553,-1.0439656,-1.0513228000000001,-1.0521992,-1.0564046,-1.0608803999999998,-1.0521403,-1.0578566999999999,-1.0787669,-1.0970928999999998,-1.1163718,-1.1146986,-1.0970441999999998,-1.0932358,-1.1037925,-1.1112089,-1.1072335,-1.0973472,-1.0899435,-1.0785200000000001,-1.0771457,-1.0654419,-1.0269527,-0.99913544,-0.95864181,-0.91080304,-0.85808827,-0.77656929,-0.693307,-0.62530373,-0.57220214,-0.5504745,-0.57284699,-0.57464043,-0.5531178000000001,-0.56453643,-0.54011305,-0.47448867,-0.41211518,-0.29876074,-0.16784437,-0.032980401,0.12282981,0.24438668,0.3172026,0.41374009,0.51868826,0.56358127,0.56725669,0.58321022,0.62221379,0.62655667,0.64826123,0.74702005,0.82727567,0.88220261,0.89476335,0.88069678,0.91500407,0.83588637,0.73162133,0.65573806,0.62592935,0.62524552,0.61493883,0.62483493,0.63216604,0.66137074,0.66772241,0.65134633,0.58962616,0.53236837,0.52439474,0.5589284999999999,0.61012247,0.71344485,0.77669255,0.69949151,0.62934372,0.59416627,0.59776964,0.54814334,0.46231293,0.44914981,0.43142221,0.38138334,0.29811999,0.21264994,0.1949452,0.19817707,0.20529365,0.20914252,0.17588220000000002,0.15533182,0.19475864,0.26597916,0.32745012,0.41315488,0.52903707,0.59501671,0.6081572,0.63836014,0.74336702,0.87769498,0.87074035,0.85014461,0.85917275,0.85404221,0.87662399,0.93400801,0.93055791,0.79731219,0.69712191,0.60087667,0.49645454,0.44617864,0.39324076,0.32392251,0.26955839,0.27017388,0.25441225,0.19285416,0.19801499,0.18685589,0.16496315,0.19364693,0.24486085,0.33289891,0.43260237,0.54449496,0.64164492,0.75679989,0.86156057,0.93493641,0.94955953,0.90636924,0.93605519,0.9582106,0.94317712,0.96240104,0.97199977,0.96750211,0.92219781,0.81081397,0.74994296,0.6972681,0.6242358,0.56708916,0.53734379,0.51906626,0.49802952,0.52142948,0.49351411,0.38844075,0.29496029,0.23426632,0.11264819,-0.015359193,-0.15578739,-0.28449983,-0.36931449,-0.39572576,-0.37744683,-0.36010175,-0.35427856,-0.35395011,-0.34920939,-0.23024802,-0.11617668,-0.061137092000000004,-0.031044945,-0.054495145,-0.11993181,-0.16827469,-0.20805421,-0.20270717,-0.066540867,0.04122649,0.12196337,0.20072035,0.34135055,0.45356288,0.51104517,0.6559614,0.74375012,0.88096815,1.1112896,1.2260592,1.3030072,1.4404326,1.574583,1.6598153999999998,1.7127021,1.7349256999999998,1.8363645,1.9806251,1.7301852,1.5101255,1.3985516000000002,1.2958232,1.3484037,1.5231991000000003,1.6049706,1.7051752,1.7734813000000003,2.0278713,2.0418816000000004,1.7781513999999998,1.4913201,1.2465701,1.0398371,0.92422086,0.85117696,0.88497422,1.0260896000000002,1.2311722999999999,1.5283514,1.7327365000000001,1.8023824000000002,1.6218342,1.2598575,0.76959568,0.35832076,0.055193629,-0.23527461,-0.44734936,-0.63140038,-0.77528761,-0.91939158,-1.0320594,-1.1249959999999999,-1.1738396999999998,-1.1903489999999999,-1.1864586000000001,-1.1788013000000002,-1.1621179,-1.1393323,-1.1378385,-1.1656011999999998,-1.2255697,-1.3068174,-1.4134589,-1.5009303,-1.5719725,-1.6241434,-1.6599531000000003,-1.6837970000000002,-1.6990561000000002,-1.7107443,-1.7186597,-1.7252003,-1.7303781000000003,-1.7348341,-1.7395217,-1.7437023999999997,-1.7461595,-1.7482689999999999,-1.7503838,-1.7529982,-1.755782,-1.7582112,-1.7598465,-1.7624567999999998,-1.7652921000000001,-1.7676066000000004,-1.7695512,-1.7715944,-1.7744650000000002,-1.7765743000000003,-1.7773633000000002,-1.7789851000000003,-1.7804868999999999
